
https://tboc.mortgagewebcenter.com/ Online Mortgage Center
pages/customer/personal_loans.php location='internal' win='current' name='personal_loans' Consumer Loan Application
href='https://secure9.onlineaccess1.com/CarbondaleAutoEnrollment/auto_enrollment.html' eBanking Demo
href='https://secure9.onlineaccess1.com/CarbondaleOnline_30/demo/demo.htm' eBanking Bill Pay Demo
path='pages/personal/ebanking.php' location='internal' win='current' name='ebanking' Enroll In eBanking
path='pages/customer/estatements_activate.php' location='internal' win='current' name='ebanking' Activate eStatements
path='pages/customer/calc.php' location='internal' win='current' name='calculators' Financial Calculators
path='pages/customer/security.php' location='internal' win='current' name='security' Security Center

path='pages/personal/checking.php' location='internal' win='current' Checking
path='pages/personal/moneymarket.php' location='internal' win='current' Money Market
path='pages/personal/savings.php' location='internal' win='current' Savings
path='pages/personal/cod.php' location='internal' win='current' Certificates of Deposit
path='pages/personal/personal_ira.php' location='internal' win='current' Individual Retirement (IRA)
path='pages/personal/card-services.php' location='internal' win='current' Card Services
path='pages/personal/ebanking.php' location='internal' win='current' eBanking
path='pages/customer/personal_loans.php' location='internal' win='current' Loans
href='http://tboc.mortgagewebcenter.com/Default.asp?bhcp=1' Mortgage
path='pages/personal/goclub.php' location='internal' win='current' GO Club
path='pages/personal/services.php' location='internal' win='current' Other Services

path='pages/business/checking.php' location='internal' win='current' Checking
path='pages/business/ebanking.php' location='internal' win='current' eBanking
path='pages/business/remote-deposit.php' location='internal' win='current' Remote Deposit
path='pages/business/debit-card.php' location='internal' win='current' Business Debit Card
path='pages/business/loans.php' location='internal' win='current' Loans
path='pages/business/services.php' location='internal' win='current' Other Services

path='pages/about/history.php' location='internal' win='current' History
path='pages/about/mission.php' location='internal' win='current' Mission
path='pages/about/news.php' location='internal' win='current' News
path='pages/about/employment.php' location='internal' win='current' Employment
path='pages/about/locations.php' location='internal' win='current' Hours & Locations
path='pages/about/atm.php' location='internal' win='current' ATM Locations
path='pages/about/contact.php' location='internal' win='current' Contact Us
